{"and": 0.2941176471, "again": 0.0588235294, "Hello,": 0.0588235294, "Thank": 0.0588235294, "for": 0.0588235294, "Time": 0.1176470588, "time": 0.1176470588, "consideration": 0.0588235294, "consideration.": 0.0588235294, "your": 0.0588235294, "Christophe": 0.0588235294}